-- phpMyAdmin SQL Dump
-- version 5.2.1
-- https://www.phpmyadmin.net/
--
-- Хост: 127.0.0.1
-- Время создания: Янв 13 2025 г., 04:59
-- Версия сервера: 10.4.32-MariaDB
-- Версия PHP: 8.2.12

SET SQL_MODE = "NO_AUTO_VALUE_ON_ZERO";
START TRANSACTION;
SET time_zone = "+00:00";


/*!40101 SET @OLD_CHARACTER_SET_CLIENT=@@CHARACTER_SET_CLIENT */;
/*!40101 SET @OLD_CHARACTER_SET_RESULTS=@@CHARACTER_SET_RESULTS */;
/*!40101 SET @OLD_COLLATION_CONNECTION=@@COLLATION_CONNECTION */;
/*!40101 SET NAMES utf8mb4 */;

--
-- База данных: `crm`
--

-- --------------------------------------------------------

--
-- Структура таблицы `clients`
--

CREATE TABLE `clients` (
  `id` int(11) NOT NULL,
  `name` varchar(255) NOT NULL,
  `email` varchar(255) NOT NULL,
  `phone` varchar(20) NOT NULL,
  `birthday` date NOT NULL,
  `created_at` timestamp NOT NULL DEFAULT current_timestamp()
) ENGINE=InnoDB DEFAULT CHARSET=utf8mb4 COLLATE=utf8mb4_general_ci;

--
-- Дамп данных таблицы `clients`
--

INSERT INTO `clients` (`id`, `name`, `email`, `phone`, `birthday`, `created_at`) VALUES
(1, 'Alice Johnson', 'alice.johnson@example.com', '+1234567890', '1990-05-15', '2025-01-13 02:59:01'),
(2, 'Bob Smith', 'bob.smith@example.com', '+0987654321', '1985-10-20', '2025-01-13 02:59:01'),
(3, 'Charlie Brown', 'charlie.brown@example.com', '+1122334455', '1992-07-30', '2025-01-13 02:59:01');

-- --------------------------------------------------------

--
-- Структура таблицы `orders`
--

CREATE TABLE `orders` (
  `id` int(11) NOT NULL,
  `client_id` int(11) NOT NULL,
  `order_date` timestamp NOT NULL DEFAULT current_timestamp(),
  `total` decimal(10,2) DEFAULT NULL,
  `status` enum('pending','completed','canceled') DEFAULT 'pending'
) ENGINE=InnoDB DEFAULT CHARSET=utf8mb4 COLLATE=utf8mb4_general_ci;

--
-- Дамп данных таблицы `orders`
--

INSERT INTO `orders` (`id`, `client_id`, `order_date`, `total`, `status`) VALUES
(1, 1, '2025-01-13 02:59:01', 1450.00, 'completed'),
(2, 2, '2025-01-13 02:59:01', 800.00, 'pending'),
(3, 3, '2025-01-13 02:59:01', 300.00, 'canceled');

-- --------------------------------------------------------

--
-- Структура таблицы `order_items`
--

CREATE TABLE `order_items` (
  `id` int(11) NOT NULL,
  `order_id` int(11) NOT NULL,
  `product_id` int(11) NOT NULL,
  `quantity` int(11) NOT NULL,
  `price` decimal(10,2) NOT NULL
) ENGINE=InnoDB DEFAULT CHARSET=utf8mb4 COLLATE=utf8mb4_general_ci;

--
-- Дамп данных таблицы `order_items`
--

INSERT INTO `order_items` (`id`, `order_id`, `product_id`, `quantity`, `price`) VALUES
(1, 1, 1, 1, 1200.00),
(2, 1, 3, 1, 150.00),
(3, 2, 2, 1, 800.00),
(4, 3, 3, 2, 300.00);

-- --------------------------------------------------------

--
-- Структура таблицы `products`
--

CREATE TABLE `products` (
  `id` int(11) NOT NULL,
  `name` varchar(255) NOT NULL,
  `desc` varchar(500) NOT NULL,
  `price` decimal(10,2) NOT NULL,
  `stock` int(11) DEFAULT 0
) ENGINE=InnoDB DEFAULT CHARSET=utf8mb4 COLLATE=utf8mb4_general_ci;

--
-- Дамп данных таблицы `products`
--

INSERT INTO `products` (`id`, `name`, `desc`, `price`, `stock`) VALUES
(1, 'Laptop', 'High-performance laptop for gaming and work.', 1200.00, 10),
(2, 'Smartphone', 'Latest model smartphone with all features.', 800.00, 25),
(3, 'Headphones', 'Noise-cancelling over-ear headphones.', 150.00, 50);

-- --------------------------------------------------------

--
-- Структура таблицы `users`
--

CREATE TABLE `users` (
  `id` int(11) NOT NULL,
  `login` varchar(255) NOT NULL,
  `password` varchar(255) NOT NULL,
  `name` varchar(255) NOT NULL
) ENGINE=InnoDB DEFAULT CHARSET=utf8mb4 COLLATE=utf8mb4_general_ci;

--
-- Дамп данных таблицы `users`
--

INSERT INTO `users` (`id`, `login`, `password`, `name`) VALUES
(1, 'admin', 'admin123', 'Administrator'),
(2, 'user1', 'password1', 'User One'),
(3, 'user2', 'password2', 'User Two');

--
-- Индексы сохранённых таблиц
--

--
-- Индексы таблицы `clients`
--
ALTER TABLE `clients`
  ADD PRIMARY KEY (`id`),
  ADD UNIQUE KEY `email` (`email`);

--
-- Индексы таблицы `orders`
--
ALTER TABLE `orders`
  ADD PRIMARY KEY (`id`),
  ADD KEY `client_id` (`client_id`);

--
-- Индексы таблицы `order_items`
--
ALTER TABLE `order_items`
  ADD PRIMARY KEY (`id`),
  ADD KEY `order_id` (`order_id`),
  ADD KEY `product_id` (`product_id`);

--
-- Индексы таблицы `products`
--
ALTER TABLE `products`
  ADD PRIMARY KEY (`id`);

--
-- Индексы таблицы `users`
--
ALTER TABLE `users`
  ADD PRIMARY KEY (`id`),
  ADD UNIQUE KEY `login` (`login`);

--
-- AUTO_INCREMENT для сохранённых таблиц
--

--
-- AUTO_INCREMENT для таблицы `clients`
--
ALTER TABLE `clients`
  MODIFY `id` int(11) NOT NULL AUTO_INCREMENT, AUTO_INCREMENT=4;

--
-- AUTO_INCREMENT для таблицы `orders`
--
ALTER TABLE `orders`
  MODIFY `id` int(11) NOT NULL AUTO_INCREMENT, AUTO_INCREMENT=4;

--
-- AUTO_INCREMENT для таблицы `order_items`
--
ALTER TABLE `order_items`
  MODIFY `id` int(11) NOT NULL AUTO_INCREMENT, AUTO_INCREMENT=5;

--
-- AUTO_INCREMENT для таблицы `products`
--
ALTER TABLE `products`
  MODIFY `id` int(11) NOT NULL AUTO_INCREMENT, AUTO_INCREMENT=4;

--
-- AUTO_INCREMENT для таблицы `users`
--
ALTER TABLE `users`
  MODIFY `id` int(11) NOT NULL AUTO_INCREMENT, AUTO_INCREMENT=4;

--
-- Ограничения внешнего ключа сохраненных таблиц
--

--
-- Ограничения внешнего ключа таблицы `orders`
--
ALTER TABLE `orders`
  ADD CONSTRAINT `orders_ibfk_1` FOREIGN KEY (`client_id`) REFERENCES `clients` (`id`);

--
-- Ограничения внешнего ключа таблицы `order_items`
--
ALTER TABLE `order_items`
  ADD CONSTRAINT `order_items_ibfk_1` FOREIGN KEY (`order_id`) REFERENCES `orders` (`id`),
  ADD CONSTRAINT `order_items_ibfk_2` FOREIGN KEY (`product_id`) REFERENCES `products` (`id`);
COMMIT;

/*!40101 SET CHARACTER_SET_CLIENT=@OLD_CHARACTER_SET_CLIENT */;
/*!40101 SET CHARACTER_SET_RESULTS=@OLD_CHARACTER_SET_RESULTS */;
/*!40101 SET COLLATION_CONNECTION=@OLD_COLLATION_CONNECTION */;
